id,sport,playerName,teamName,brand,cardNumber,year,notes
1,BASEBALL,Nolan Ryan,Mets,Topps,177,1968,Rookie card
2,BASEBALL,Mickey Mantle,New York Yankees,Topps,1,1968,Hall of Famer
3,BASEBALL,Lou Brock,St. Louis Cardinals,Topps,2,1968,Hall of Famer
4,BASEBALL,Carl Yastrzemski,Boston Red Sox,Topps,3,1968,Hall of Famer
5,BASEBALL,Hank Aaron,Atlanta Braves,Topps,4,1968,Hall of Famer
6,BASEBALL,Roberto Clemente,Pittsburgh Pirates,Topps,5,1968,Hall of Famer
7,BASEBALL,Willie Mays,San Francisco Giants,Topps,6,1968,Hall of Famer
8,BASEBALL,Reggie Jackson,Oakland Athletics,Topps,7,1968,Future Hall of Famer
9,BASEBALL,Nolan Ryan,New York Mets,Topps,8,1968,Future Hall of Famer
10,BASEBALL,Pete Rose,Cincinnati Reds,Topps,9,1968,Hall of Famer
11,BASEBALL,Tom Seaver,New York Mets,Topps,10,1968,Hall of Famer
12,BASEBALL,Don Drysdale,Los Angeles Dodgers,Topps,11,1968,Hall of Famer
13,BASEBALL,Frank Robinson,Cincinnati Reds,Topps,12,1968,Hall of Famer
14,BASEBALL,Yogi Berra,New York Yankees,Topps,13,1968,Hall of Famer
15,BASEBALL,Jim Palmer,Baltimore Orioles,Topps,14,1968,Hall of Famer
16,BASEBALL,Johnny Bench,Cincinnati Reds,Topps,15,1968,Hall of Famer
17,BASEBALL,Willie McCovey,San Francisco Giants,Topps,16,1968,Hall of Famer
18,BASEBALL,Al Kaline,Detroit Tigers,Topps,17,1968,Hall of Famer
19,BASEBALL,Bob Clemente,Pittsburgh Pirates,Topps,18,1968,Hall of Famer
20,BASEBALL,Joe Torre,St. Louis Cardinals,Topps,19,1968,Hall of Famer
21,BASEBALL,Jim Bunning,Philadelphia Phillies,Topps,20,1968,Hall of Famer
22,BASEBALL,Ken Boyer,St. Louis Cardinals,Topps,21,1968,All-Star
23,BASEBALL,Mike Shannon,St. Louis Cardinals,Topps,22,1968,All-Star
24,BASEBALL,Jim Fregosi,California Angels,Topps,23,1968,All-Star
25,BASEBALL,Al Ferrara,San Diego Padres,Topps,24,1968,All-Star
26,BASEBALL,Paul Blair,Baltimore Orioles,Topps,25,1968,Gold Glove Winner
27,BASEBALL,Mike Epstein,Washington Senators,Topps,26,1968,All-Star
28,BASEBALL,Tommy John,Chicago White Sox,Topps,27,1968,All-Star
29,BASEBALL,Ed Kirkpatrick,Kansas City Royals,Topps,28,1968,All-Star
30,BASEBALL,Joe Morgan,Houston Astros,Topps,29,1968,Hall of Famer
31,BASEBALL,George Scott,Boston Red Sox,Topps,30,1968,Gold Glove Winner
32,BASEBALL,Bob Gibson,St. Louis Cardinals,Topps,31,1968,Hall of Famer
33,BASEBALL,Roberto Alomar,New York Mets,Topps,32,1968,Future Hall of Famer
34,BASEBALL,Jim Gosger,Boston Red Sox,Topps,33,1968,All-Star
35,BASEBALL,Don Buford,Baltimore Orioles,Topps,34,1968,All-Star
36,BASEBALL,Steve Carlton,Philadelphia Phillies,Topps,35,1968,Hall of Famer
37,BASEBALL,Joe Foy,Boston Red Sox,Topps,36,1968,All-Star
38,BASEBALL,Denny McLain,Detroit Tigers,Topps,37,1968,AL Cy Young Winner
39,BASEBALL,Fergie Jenkins,Chicago Cubs,Topps,38,1968,Hall of Famer
40,BASEBALL,Bill Freehan,Detroit Tigers,Topps,39,1968,All-Star
41,BASEBALL,Don Clendenon,New York Mets,Topps,40,1968,All-Star
42,BASEBALL,Dick Allen,Chicago White Sox,Topps,41,1968,All-Star
43,BASEBALL,Jim Kaat,Minnesota Twins,Topps,42,1968,All-Star
44,BASEBALL,Phil Niekro,Atlanta Braves,Topps,43,1968,Hall of Famer
45,BASEBALL,Jackie Jensen,Boston Red Sox,Topps,44,1968,All-Star
46,BASEBALL,Tommy Davis,Los Angeles Dodgers,Topps,45,1968,All-Star
47,BASEBALL,Tommy Harper,Milwaukee Brewers,Topps,46,1968,All-Star
48,BASEBALL,Lee May,Cincinnati Reds,Topps,47,1968,All-Star
49,BASEBALL,Sam McDowell,Cleveland Indians,Topps,48,1968,All-Star
50,BASEBALL,Danny McDevitt,Chicago Cubs,Topps,49,1968,All-Star
51,BASEBALL,Bobby Murcer,New York Yankees,Topps,50,1968,Future Star
52,BASEBALL,Bobby Murcer,New York Yankees,Topps,51,1968,Future Star
53,BASEBALL,Norm Cash,Detroit Tigers,Topps,52,1968,All-Star
54,BASEBALL,Bob Clemente,Pittsburgh Pirates,Topps,53,1968,Hall of Famer
55,BASEBALL,Lou Piniella,Kansas City Royals,Topps,54,1968,Future Star
56,BASEBALL,Ken Harrelson,Chicago White Sox,Topps,55,1968,All-Star
57,BASEBALL,Bill Melton,Chicago White Sox,Topps,56,1968,All-Star
58,BASEBALL,Tim McCarver,St. Louis Cardinals,Topps,57,1968,All-Star
59,BASEBALL,Jim Merritt,Cincinnati Reds,Topps,58,1968,All-Star
60,BASEBALL,Cesar Tovar,Philadelphia Phillies,Topps,59,1968,All-Star
61,BASEBALL,Bill Spans,Washington Senators,Topps,60,1968,All-Star
62,BASEBALL,Jack Aker,New York Mets,Topps,61,1968,All-Star
63,BASEBALL,Joe Perry,Boston Red Sox,Topps,62,1968,All-Star
64,BASEBALL,Jim Fregosi,California Angels,Topps,63,1968,All-Star
65,BASEBALL,Johnny Bench,Cincinnati Reds,Topps,64,1968,Hall of Famer
66,BASEBALL,Jim O'Toole,Cincinnati Reds,Topps,65,1968,All-Star
67,BASEBALL,Mickey Mantle,New York Yankees,Topps,66,1968,Hall of Famer
68,BASEBALL,Don Zimmer,Chicago White Sox,Topps,67,1968,All-Star
69,BASEBALL,Fergie Jenkins,Chicago Cubs,Topps,68,1968,Hall of Famer
70,BASEBALL,Gaylord Perry,San Francisco Giants,Topps,69,1968,All-Star
71,BASEBALL,Ray Jarvis,New York Mets,Topps,70,1968,All-Star
72,BASEBALL,Ken McMullen,Washington Senators,Topps,71,1968,All-Star
73,BASEBALL,Richie Allen,Chicago White Sox,Topps,72,1968,All-Star
74,BASEBALL,Dave McNally,Baltimore Orioles,Topps,73,1968,All-Star
75,BASEBALL,Jim Bunning,Philadelphia Phillies,Topps,74,1968,Hall of Famer
76,BASEBALL,Bob Tillman,Boston Red Sox,Topps,75,1968,All-Star
77,BASEBALL,Phil Niekro,Atlanta Braves,Topps,76,1968,Hall of Famer
78,BASEBALL,Paul Blair,Baltimore Orioles,Topps,77,1968,Gold Glove Winner
79,BASEBALL,Jim Palmer,Baltimore Orioles,Topps,78,1968,Hall of Famer
80,BASEBALL,Bobby Tolan,Cincinnati Reds,Topps,79,1968,All-Star
81,BASEBALL,Don Kessinger,Chicago Cubs,Topps,80,1968,All-Star
82,BASEBALL,Jim Britton,Boston Red Sox,Topps,81,1968,All-Star
83,BASEBALL,Bobby Murcer,New York Yankees,Topps,82,1968,Future Star
84,BASEBALL,Danny Murphy,Baltimore Orioles,Topps,83,1968,All-Star
85,BASEBALL,Jerry Koosman,New York Mets,Topps,84,1968,Future Star
86,BASEBALL,Claude Osteen,Washington Senators,Topps,85,1968,All-Star
87,BASEBALL,Bill Melton,Chicago White Sox,Topps,86,1968,All-Star
88,BASEBALL,Lou Piniella,Kansas City Royals,Topps,87,1968,Future Star
89,BASEBALL,Ken Harrelson,Chicago White Sox,Topps,88,1968,All-Star
90,BASEBALL,Jim Fregosi,California Angels,Topps,89,1968,All-Star
91,BASEBALL,Joe Morgan,Houston Astros,Topps,90,1968,Hall of Famer
92,BASEBALL,Cesar Tovar,Philadelphia Phillies,Topps,91,1968,All-Star
93,BASEBALL,Don Zimmer,Chicago White Sox,Topps,92,1968,All-Star
94,BASEBALL,Tim McCarver,St. Louis Cardinals,Topps,93,1968,All-Star
95,BASEBALL,Jim Gosger,Boston Red Sox,Topps,94,1968,All-Star
96,BASEBALL,Fergie Jenkins,Chicago Cubs,Topps,95,1968,Hall of Famer
97,BASEBALL,Frank Robinson,Cincinnati Reds,Topps,96,1968,Hall of Famer
98,BASEBALL,Joe Perry,Boston Red Sox,Topps,97,1968,All-Star
99,BASEBALL,Mike Epstein,Washington Senators,Topps,98,1968,All-Star
100,BASEBALL,Sam McDowell,Cleveland Indians,Topps,99,1968,All-Star
101,BASEBALL,Bob Gibson,St. Louis Cardinals,Topps,100,1968,Hall of Famer